File 1,File 2,Plagiarised,Probability
a102_2.c,a105_1.c,1,0.9999999856073389
a102_2.c,a102_1.c,1,0.9999999856073389
a102_2.c,n_302_1.c,0,0.021441185134441473
a102_2.c,n_301_1.c,0,0.021441185134441473
a105_1.c,a102_1.c,1,0.9999999990285492
a105_1.c,n_302_1.c,0,0.019272191147634562
a105_1.c,n_301_1.c,0,0.019272191147634562
a102_1.c,n_302_1.c,0,0.019272191147634562
a102_1.c,n_301_1.c,0,0.019272191147634562
n_302_1.c,n_301_1.c,1,0.9999999990285492
