File 1,File 2,Plagiarised,Probability
a102_2.c,a105_1.c,0,0.16945786468628132
a102_2.c,a102_1.c,0,0.16945786468628132
a102_2.c,n_302_1.c,0,0.1695864420479247
a102_2.c,n_301_1.c,0,0.1695864420479247
a105_1.c,a102_1.c,1,0.9050399313670793
a105_1.c,n_302_1.c,0,0.1695864420479247
a105_1.c,n_301_1.c,0,0.1695864420479247
a102_1.c,n_302_1.c,0,0.1695864420479247
a102_1.c,n_301_1.c,0,0.1695864420479247
n_302_1.c,n_301_1.c,1,0.9050399313670793
