File 1,File 2,Plagiarised,Probability
a102_2.c,a105_1.c,1.0,0.9422981280576502
a102_2.c,a102_1.c,1.0,0.9422977758713768
a102_2.c,n_302_1.c,0.0,0.12364377563046909
a102_2.c,n_301_1.c,0.0,0.12364377563046909
a105_1.c,a102_1.c,1.0,0.9999939734814753
a105_1.c,n_302_1.c,0.0,0.13147615547890656
a105_1.c,n_301_1.c,0.0,0.13147615547890656
a102_1.c,n_302_1.c,0.0,0.13147615547890656
a102_1.c,n_301_1.c,0.0,0.13147661216711706
n_302_1.c,n_301_1.c,1.0,0.9999939735657678
